Action,satisfaction,importance,opportunity
Actor0_Action3,0.8384920422978617,0.0,0.8384920422978617
Actor0_Action2,9.999999999999996,2.7581395348837217,9.999999999999996
Actor0_Action1,6.7156157189808035,2.0139534883720933,6.7156157189808035
Actor1_Action1,-10.000000000000002,10.0,10.0
Actor1_Action3,-9.15457894416056,5.041860465116281,5.041860465116281
Actor1_Action2,-1.4579904941650774,9.134883720930233,9.134883720930233
